task,win
aihub_complaints_topic,0.41540125682497164
apeach,0.8137931034482758
klue-ynat,0.8145382672669376
kobest-boolq,0.8952991452991453
kobest-copa,0.699
kobest-hellaswag,0.748
kobest-sentineg,0.9168765743073047
kobest-wic,0.7984126984126985
nsmc,0.8767
