task,win
aihub_complaints_topic,0.3636344905738127
apeach,0.7671087533156499
klue-ynat,0.8127813769627759
kobest-boolq,0.7329059829059829
kobest-copa,0.64
kobest-hellaswag,0.64
kobest-sentineg,0.9168765743073047
kobest-wic,0.49206349206349204
nsmc,0.84906
