task,win
aihub_complaints_topic,0.374049654888225
apeach,0.8108753315649867
klue-ynat,0.8291424179202811
kobest-boolq,0.8924501424501424
kobest-copa,0.706
kobest-hellaswag,0.754
kobest-sentineg,0.9168765743073047
kobest-wic,0.7412698412698413
nsmc,0.8729
