task,win
aihub_complaints_topic,0.42702173689090345
apeach,0.770026525198939
klue-ynat,0.832326781596574
kobest-boolq,0.8796296296296297
kobest-copa,0.669
kobest-hellaswag,0.776
kobest-sentineg,0.9219143576826196
kobest-wic,0.623015873015873
nsmc,0.8672
