task,win
aihub_complaints_topic,0.4260327598640157
apeach,0.8326259946949602
klue-ynat,0.8207971889755133
kobest-boolq,0.896011396011396
kobest-copa,0.709
kobest-hellaswag,0.764
kobest-sentineg,0.9219143576826196
kobest-wic,0.7984126984126985
nsmc,0.87422
