task,win
aihub_complaints_topic,0.3556711651385598
apeach,0.8254641909814323
klue-ynat,0.6477434940155924
kobest-boolq,0.8646723646723646
kobest-copa,0.598
kobest-hellaswag,0.722
kobest-sentineg,0.9345088161209067
kobest-wic,0.5198412698412699
nsmc,0.85438
